id,Title,Content,SKU,"Product Type","Parent Product ID",URL,Filename
838,"Pink Mixed Layer Wedding Cake","Elegant 4 layer wedding cake with each layer a different style. Mix of buttercream and fondant.

Cake pricing varies greatly depending on the level of detail in the design and the size of the cake itself. The best thing to do is to inquire directly with a Palermo sales consultant regarding more exact pricing by phone or email.",WC-0001,simple,0,https://ccdev2026.wpenginepowered.com/wp-content/uploads/2021/02/pink-wedding-cake.jpeg,pink-wedding-cake.jpeg
849,"MTV Birthday Cake","This MTV birthday cake is tasty and beautiful. It has 4 square layers decorated with pink, black and gold fondant. It is topped with the iconic MTV logo as a cake topper. Once to try this you'll never go back!",BDC-0002,simple,0,https://ccdev2026.wpenginepowered.com/wp-content/uploads/2021/06/MTV-cake-1-scaled.jpeg,MTV-cake-1-scaled.jpeg
851,"Disney Castle Birthday Cake","Mason's 1st birthday cake was extravagant! The Disney World inspired custom cake is decorated and designed to look like Cinderella's Castle. Created with fondant, the Disney custom cake also shows the characters from some of the most iconic Disney movies of all time like Mickey Mouse, The Lion King, Snow White, Peter Pan and more!",BDC-0001,simple,0,https://ccdev2026.wpenginepowered.com/wp-content/uploads/2021/06/Castle-Cake.jpeg,Castle-Cake.jpeg
858,"Elephant Baby Shower Cake","This elephant baby shower cake for Mark was designed with two different shaped layers and topped with a fondant sculpted elephant. The cake is decorated with blue, green and brown fondant and a fondant bow. ",BSC-0001,simple,0,https://ccdev2026.wpenginepowered.com/wp-content/uploads/2021/08/1_PHOTO.jpg,1_PHOTO.jpg
860,"Tiny Shoes Gender Reveal Cake","The perfect gender reveal cake for a small party! This gender reveal cake was designed with pink and blue color for a girl or a boy. The cake is styled as a drip cake with pink and blue icing and buttercream flowers. The cake is topped with fondant sculpting shoes for a baby girl or baby boy.",GRC-0001,simple,0,https://ccdev2026.wpenginepowered.com/wp-content/uploads/2021/08/Screen-Shot-2021-08-23-at-11.18.08-PM.png|https://ccdev2026.wpenginepowered.com/wp-content/uploads/2021/08/2_PHOTO.heic,Screen-Shot-2021-08-23-at-11.18.08-PM.png|2_PHOTO.heic
863,"Little Prince Baby Shower Cake","This impressive baby shower cake for a boy has three mixed layers. The Little Prince Baby Shower Cake has baby blue and white fondant decorated layers with a middle layer of silver sprinkles. The baby shower cake is topped with a fondant sculpted elephant.",BSC-0002,simple,0,https://ccdev2026.wpenginepowered.com/wp-content/uploads/2021/08/3_PHOTO.jpg,3_PHOTO.jpg
871,"Mickey & Minnie Birthday Cakes","The perfect cake for any boy or girl that loves Disney! Both the Mickey Mouse Cake and the Minnie Mouse Cake are made of two round layers and decorated with fondant on the Disney cakes. Bring the magic of Disney to any birthday party, baby shower, or children's event.",BDC-0003,simple,0,https://ccdev2026.wpenginepowered.com/wp-content/uploads/2021/08/1_PHOTO-1-scaled.jpg,1_PHOTO-1-scaled.jpg
873,"Spooky Halloween Birthday Cake","The Spooky Halloween Birthday Cake is a great addition to any Halloween party or Halloween themed birthday party. The three layer cake has round layers of chocolate fondant. The Halloween birthday cake is decorated with icing as cobwebs to add some extra spookiness! ",BDC-0004,simple,0,https://ccdev2026.wpenginepowered.com/wp-content/uploads/2021/08/2_PHOTO-scaled.jpg,2_PHOTO-scaled.jpg
878,"Semi Naked Wedding Cake","Trendy and versatile, the semi naked cake can be used in different themed weddings. From a rustic country theme to a more sophisticated look. This freehand style will just need fresh flowers to finalize its look. 

<em>Venue wedding cakes are cakes that are included with your package from your wedding venue. Extra charges may be added when you change or add features to the cake.

Cake pricing varies greatly depending on the level of detail in the design and the size of the cake itself. The best thing to do is to inquire directly with a Palermo sales consultant regarding more exact pricing by phone or email.</em>",VWD-0001,simple,0,https://ccdev2026.wpenginepowered.com/wp-content/uploads/2021/09/Screen-Shot-2022-07-11-at-10.54.25-PM.png,Screen-Shot-2022-07-11-at-10.54.25-PM.png
879,"Simple White/Ivory Wedding Cake","Clean, modern & sleek is the look that the simple white wedding cake will add to your special day. The smooth perfection on it can be completed with cake topper and fresh flowers.

<em>Venue wedding cakes are cakes that are included with your package from your wedding venue. Extra charges may be added when you change or add features to the cake. 

Cake pricing varies greatly depending on the level of detail in the design and the size of the cake itself. The best thing to do is to inquire directly with a Palermo sales consultant regarding more exact pricing by phone or email.</em>",VWC-0002,simple,0,https://ccdev2026.wpenginepowered.com/wp-content/uploads/2021/09/Screen-Shot-2022-07-11-at-10.58.32-PM.png|https://ccdev2026.wpenginepowered.com/wp-content/uploads/2021/09/Screen-Shot-2022-07-11-at-10.58.40-PM.png|https://ccdev2026.wpenginepowered.com/wp-content/uploads/2021/09/venue2.jpeg,Screen-Shot-2022-07-11-at-10.58.32-PM.png|Screen-Shot-2022-07-11-at-10.58.40-PM.png|venue2.jpeg
881,"Pin Dots White/Ivory Wedding Cake","This beautiful buttercream cake has a delicate piped small pindots and trimmed with beautiful pearls. This timeless design can be decorated with fresh flowers for a final touch. 

<em>Venue wedding cakes are cakes that are included with your package from your wedding venue. Extra charges may be added when you change or add features to the cake. 

Cake pricing varies greatly depending on the level of detail in the design and the size of the cake itself. The best thing to do is to inquire directly with a Palermo sales consultant regarding more exact pricing by phone or email.</em>",VWC-0003,simple,0,https://ccdev2026.wpenginepowered.com/wp-content/uploads/2021/09/Screen-Shot-2022-07-11-at-11.00.21-PM.png|https://ccdev2026.wpenginepowered.com/wp-content/uploads/2021/09/3PindotsIvoryWeddingCake.jpg|https://ccdev2026.wpenginepowered.com/wp-content/uploads/2021/09/VWC-0003.jpeg|https://ccdev2026.wpenginepowered.com/wp-content/uploads/2021/09/Screen-Shot-2022-07-11-at-11.01.46-PM.png,Screen-Shot-2022-07-11-at-11.00.21-PM.png|3PindotsIvoryWeddingCake.jpg|VWC-0003.jpeg|Screen-Shot-2022-07-11-at-11.01.46-PM.png
883,"Rustic Lines White/Ivory Wedding Cake","The rustic garden wedding cake is a popular design and perfect for any wedding style. You can go from rustic all the way to elegant with this design and it never goes out of style.

<em>Venue wedding cakes are cakes that are included with your package from your wedding venue. Extra charges may be added when you change or add features to the cake. 

Cake pricing varies greatly depending on the level of detail in the design and the size of the cake itself. The best thing to do is to inquire directly with a Palermo sales consultant regarding more exact pricing by phone or email.</em>",VWC-0004,simple,0,https://ccdev2026.wpenginepowered.com/wp-content/uploads/2021/09/4RusticLinesWhiteWeddingCake.jpg|https://ccdev2026.wpenginepowered.com/wp-content/uploads/2021/09/4RusticLinesIvoryWeddingCake.jpg|https://ccdev2026.wpenginepowered.com/wp-content/uploads/2021/09/VWC-0004.jpeg,4RusticLinesWhiteWeddingCake.jpg|4RusticLinesIvoryWeddingCake.jpg|VWC-0004.jpeg
885,"Rustic Stucco Ivory/White Wedding Cake","For a rustic themed wedding. This cake is the perfect selection! This design fits all couples that prefer the simple and clean, but still want a touch of romance. 

<em>Venue wedding cakes are cakes that are included with your package from your wedding venue. Extra charges may be added when you change or add features to the cake. 

Cake pricing varies greatly depending on the level of detail in the design and the size of the cake itself. The best thing to do is to inquire directly with a Palermo sales consultant regarding more exact pricing by phone or email.</em>",VWC-0005,simple,0,https://ccdev2026.wpenginepowered.com/wp-content/uploads/2021/09/5WhiteStuccoIvoryWeddingCake.jpg|https://ccdev2026.wpenginepowered.com/wp-content/uploads/2021/09/5RusticStuccoWhite4tierWeddingCake.jpg|https://ccdev2026.wpenginepowered.com/wp-content/uploads/2021/09/5RusticStuccoIvoryWeddingCake.jpg|https://ccdev2026.wpenginepowered.com/wp-content/uploads/2021/09/5RusticStuccoIvory4tierWeddingCake.jpg|https://ccdev2026.wpenginepowered.com/wp-content/uploads/2021/09/VWC-0005.jpeg,5WhiteStuccoIvoryWeddingCake.jpg|5RusticStuccoWhite4tierWeddingCake.jpg|5RusticStuccoIvoryWeddingCake.jpg|5RusticStuccoIvory4tierWeddingCake.jpg|VWC-0005.jpeg
887,"Spring Rustic Ivory/White Wedding Cake","The spring rustic cake features the two main techniques that characterize the rustic style. The freehand stucco mixed with rustic lines are the perfect choice when you are looking to achieve a unique style on your special day. 
<em>
Venue wedding cakes are cakes that are included with your package from your wedding venue. Extra charges may be added when you change or add features to the cake. 

Cake pricing varies greatly depending on the level of detail in the design and the size of the cake itself. The best thing to do is to inquire directly with a Palermo sales consultant regarding more exact pricing by phone or email.</em>",VWC-0006,simple,0,https://ccdev2026.wpenginepowered.com/wp-content/uploads/2021/09/6RusticSpringWhiteWeddingCake.jpg|https://ccdev2026.wpenginepowered.com/wp-content/uploads/2021/09/6RusticSpringIvoryWeddingCake.jpg|https://ccdev2026.wpenginepowered.com/wp-content/uploads/2021/09/VWC-0006.jpeg,6RusticSpringWhiteWeddingCake.jpg|6RusticSpringIvoryWeddingCake.jpg|VWC-0006.jpeg
889,"Elegant White/Ivory Wedding Cake","This beautiful cake is made in ivory buttercream with a mix of techniques on every tier that is just pure elegance. The final touch is achieved with delicate handmade buttercream flowers.

<em>Venue wedding cakes are cakes that are included with your package from your wedding venue. Extra charges may be added when you change or add features to the cake. 

Cake pricing varies greatly depending on the level of detail in the design and the size of the cake itself. The best thing to do is to inquire directly with a Palermo sales consultant regarding more exact pricing by phone or email.</em>",VWC-0007,simple,0,https://ccdev2026.wpenginepowered.com/wp-content/uploads/2021/09/7EleganceWhiteWeddingCake.jpg|https://ccdev2026.wpenginepowered.com/wp-content/uploads/2021/09/7EleganceIvoryWeddingCake.jpg|https://ccdev2026.wpenginepowered.com/wp-content/uploads/2021/09/VWC-0007.jpeg,7EleganceWhiteWeddingCake.jpg|7EleganceIvoryWeddingCake.jpg|VWC-0007.jpeg
891,"Swirls White/Ivory Wedding Cake","This cake is the perfect choice for a traditional and chic wedding. The large swirls with the beautiful pearl trim are the elements that give this cake its classic look. 

<em>Venue wedding cakes are cakes that are included with your package from your wedding venue. Extra charges may be added when you change or add features to the cake. 

Cake pricing varies greatly depending on the level of detail in the design and the size of the cake itself. The best thing to do is to inquire directly with a Palermo sales consultant regarding more exact pricing by phone or email.</em>",VWC-0008,simple,0,https://ccdev2026.wpenginepowered.com/wp-content/uploads/2021/09/8EleganceWhiteWeddingCake.jpg|https://ccdev2026.wpenginepowered.com/wp-content/uploads/2021/09/8EleganceIvoryWeddingCake.jpg|https://ccdev2026.wpenginepowered.com/wp-content/uploads/2021/09/VWC-0008.jpeg,8EleganceWhiteWeddingCake.jpg|8EleganceIvoryWeddingCake.jpg|VWC-0008.jpeg
893,"Square Swirls White/Ivory Wedding Cake","This cake is the perfect choice for a traditional and chic wedding. The large swirls with the beautiful pearl trim are the elements that give this cake its classic look. 

<em>Venue wedding cakes are cakes that are included with your package from your wedding venue. Extra charges may be added when you change or add features to the cake. 

Cake pricing varies greatly depending on the level of detail in the design and the size of the cake itself. The best thing to do is to inquire directly with a Palermo sales consultant regarding more exact pricing by phone or email.</em>",VWC-0009,simple,0,https://ccdev2026.wpenginepowered.com/wp-content/uploads/2021/09/9SquareEleganceWhiteWeddingCake.jpg|https://ccdev2026.wpenginepowered.com/wp-content/uploads/2021/09/9SquareEleganceIvoryWeddingCake.jpg|https://ccdev2026.wpenginepowered.com/wp-content/uploads/2021/09/VWC-0009.jpeg,9SquareEleganceWhiteWeddingCake.jpg|9SquareEleganceIvoryWeddingCake.jpg|VWC-0009.jpeg
903,"Modern Swirls White/Ivory Wedding Cake","This cake is the perfect combina­tion of modern meets classic. The combination of pin dots with the corner swirls together with the pearl trim, make this cake a delight to admire on your special day. 

<em>Venue wedding cakes are cakes that are included with your package from your wedding venue. Extra charges may be added when you change or add features to the cake.

Cake pricing varies greatly depending on the level of detail in the design and the size of the cake itself. The best thing to do is to inquire directly with a Palermo sales consultant regarding more exact pricing by phone or email.</em>",VWC-0010,simple,0,https://ccdev2026.wpenginepowered.com/wp-content/uploads/2021/10/10ModerSwirlsWhiteWeddingCake.jpg|https://ccdev2026.wpenginepowered.com/wp-content/uploads/2021/10/10ModerSwirlsIvoryWeddingCake.jpg|https://ccdev2026.wpenginepowered.com/wp-content/uploads/2021/10/WWC-A48.jpeg,10ModerSwirlsWhiteWeddingCake.jpg|10ModerSwirlsIvoryWeddingCake.jpg|WWC-A48.jpeg
905,"LOL Birthday Cake","The one layer LOL Birthday Cake is decorated with fondant and edible paper. The birthday cake is topped with a fondant bow.",BDC-0005,simple,0,https://ccdev2026.wpenginepowered.com/wp-content/uploads/2021/10/LOL-Cake-4.jpeg,LOL-Cake-4.jpeg
907,"Gia's 18th Birthday Cake","This three layer birthday cake was made Teresa Giudice's daughter Gia for her 18th birthday. The top and bottom round layers were decorated with purple fondant and edible stars. The middle layer was decorated with edible sparkles on buttercream.",CC-0001,simple,0,https://ccdev2026.wpenginepowered.com/wp-content/uploads/2021/10/49938089_10156902268493158_2426906716969893888_n.jpeg,49938089_10156902268493158_2426906716969893888_n.jpeg
910,"Legos Birthday Cake","Mason's 6th birthday cake was designed with two mixed layers. Both layers were decorated with fondant and the top layer has a custom cake topper. Lego characters were added to pull the theme of the cake together.",BDC-0006,simple,0,https://ccdev2026.wpenginepowered.com/wp-content/uploads/2021/10/Mason-birthday.jpeg,Mason-birthday.jpeg
912,"Hudson Mod & Dewars Cake","The four layer cake was created for Hudson Magazine and Dewars. The layers are made of fondant and ribbons on each layer.",CC-0002,simple,0,https://ccdev2026.wpenginepowered.com/wp-content/uploads/2021/10/CEL-10007.jpeg,CEL-10007.jpeg
914,"Seventh Heaven Wedding Cake","This 7-layer wedding cake is truly remarkable. Each layer has its own theme and decoration with buttercream and fondant. The white wedding cake is adorned with edible jewels. The kicker is the two fondant sculpted dogs on each side! ",WC-0002,simple,0,https://ccdev2026.wpenginepowered.com/wp-content/uploads/2021/10/Dogs-and-Wedding-Cake-scaled.jpeg,Dogs-and-Wedding-Cake-scaled.jpeg
916,"Dream Castle Wedding Cake","This masterpiece wedding cake has 9 layers that were expertly decorated. The expertly designed wedding cake has a 4 layer arch where you can see under the wedding cake. Buttercream and fondant are mixed to create the different layers along with floral accents.",WC-0003,simple,0,https://ccdev2026.wpenginepowered.com/wp-content/uploads/2021/10/thumbnail_IMG_5433.jpeg,thumbnail_IMG_5433.jpeg
919,"Batman Birthday Cake","Giovanni's 3rd birthday cake was spectacular! The batman birthday cake was 3 layers of buttercream with a smoke gray airbrush design. The batman logo on the batman birthday cake was made of fondant. ",BDC-0010,simple,0,https://ccdev2026.wpenginepowered.com/wp-content/uploads/2021/11/thumbnail_batman-cake.jpeg,thumbnail_batman-cake.jpeg
922,"Exquisite Wedding Cake","This creation is a very modern wedding cake, that features beautiful piping coming out of the corners and trimmed with satin ribbon. Your special day will be timeless with this design. 

<em>Venue wedding cakes are cakes that are included with your package from your wedding venue. Extra charges may be added when you change or add features to the cake. 

Cake pricing varies greatly depending on the level of detail in the design and the size of the cake itself. The best thing to do is to inquire directly with a Palermo sales consultant regarding more exact pricing by phone or email.</em>",WC-0004,simple,0,https://ccdev2026.wpenginepowered.com/wp-content/uploads/2021/11/11ExquisiteWhiteWeddingCake.jpg|https://ccdev2026.wpenginepowered.com/wp-content/uploads/2021/11/Screen-Shot-2021-11-19-at-12.28.36-AM.png,11ExquisiteWhiteWeddingCake.jpg|Screen-Shot-2021-11-19-at-12.28.36-AM.png
929,"Bunnys and Bears Baby Shower Cake","April's baby shower cake is 3 layers and decorated with fondant pastels and flower and butterfly accents. Custom baby bears and bunnies also adorn the cake for a whimsical feel. ",,simple,0,https://ccdev2026.wpenginepowered.com/wp-content/uploads/2021/12/4_PHOTO-scaled.jpg,4_PHOTO-scaled.jpg
931,"Pure White Baby Shower Cake","The cake is made with simple white fondant and a sculpting baby carriage. The 2 layer baby shower cake is also perfect for any baby celebration.",BSC-0006,simple,0,https://ccdev2026.wpenginepowered.com/wp-content/uploads/2021/12/5_PHOTO.jpg,5_PHOTO.jpg
933,"Chic Gold Baby Shower Cake","Give your baby shower a modern twist with this 2 layer baby shower cake that is made with gold and white fondant layers and gold flakes adorning the top layer. The gold baby shower cake has a burgundy gum paste flower for a special touch. ",BSC-0007,simple,0,https://ccdev2026.wpenginepowered.com/wp-content/uploads/2021/12/6_PHOTO.png,6_PHOTO.png
935,"Magnificent Baby Gender Reveal Cake","Truly a masterpiece that only Palermo Bakery can create, this 3 layer baby gender reveal cake is made for a large party of guests. The bottom layer is decorated for a boy with blue and gold fondant. The middle layer of the baby gender reveal cake is a 50/50 of pink and blue tie dye for a boy or a girl and the top layer for a girl. The cake is topped with a crown to anoint the new little prince or princess into the world!",BSC-0008,simple,0,https://ccdev2026.wpenginepowered.com/wp-content/uploads/2021/12/7_PHOTO.jpg,7_PHOTO.jpg
937,"Dr. Seuss Baby Shower Cake","A baby shower cake doesn't come more custom than this Dr. Seuss baby shower cake. The Dr. Seuss cake has 5 very different fondant layers from the open book base layer to the Dr. Seuss fish bowl layer on top. ",BSC-0009,simple,0,https://ccdev2026.wpenginepowered.com/wp-content/uploads/2021/12/9_PHOTO.jpg,9_PHOTO.jpg
939,"Winter Forest Baby Shower Cake","The Winter Forest Baby Shower Cake is adorned with forest creatures on top of the semi-naked style cake. The baby shower cake is perfect for a small gathering to meet a Winter themed baby shower. ",BSC-0010,simple,0,https://ccdev2026.wpenginepowered.com/wp-content/uploads/2021/12/10_PHOTO-scaled.jpg,10_PHOTO-scaled.jpg
941,"Overalls Baby Shower Cake","Celebrate your expected baby's birth with this baby shower cake. The custom baby shower cake is also great for a birthday as well. The 3 layers of fondant portray and baby with overalls and a mustache!",BSC-0011,simple,0,https://ccdev2026.wpenginepowered.com/wp-content/uploads/2021/12/11_PHOTO-scaled.jpg,11_PHOTO-scaled.jpg
943,"Elephants Gender Reveal Cake","This single layer Elephants Gender Reveal Cake is perfect for your small gathering to cut and see if you're having a baby boy or baby girl! The layer has ombré blues and pinks with fondant decorations and baby elephants.",GRC-0002,simple,0,https://ccdev2026.wpenginepowered.com/wp-content/uploads/2021/12/12_PHOTO.jpg,12_PHOTO.jpg
945,"Timeless Bridal Shower Cake","What an elegant 3 layer bridal shower cake with a timeless tea party theme. The mixed fondant cake layers and decorations play off of Alice in Wonderland. Florals are used to bring a pop to the timeless Alice in Wonderland bridal shower cake. ",SC-0001,simple,0,https://ccdev2026.wpenginepowered.com/wp-content/uploads/2021/12/4_PHOTO-1.jpg,4_PHOTO-1.jpg
948,"Naked Roses Religious Cake","This 2 layer semi-naked cake is perfect for any religious occasion and small gathering. Communion cakes, confirmation cakes and baptism cakes are a specialty of Palermo Bakery.",RC-0001,simple,0,https://ccdev2026.wpenginepowered.com/wp-content/uploads/2021/12/1_PHOTO-scaled.jpg,1_PHOTO-scaled.jpg
952,"Gold Baptism Cake","This 2 layer mixed layer baptism cake is perfect for any religious occasion and small gathering. The layers are mixed buttercream with spatula spirals and fondant. Communion cakes, confirmation cakes and baptism cakes are a specialty of Palermo Bakery.",RC-0002,simple,0,https://ccdev2026.wpenginepowered.com/wp-content/uploads/2021/12/2_PHOTO-scaled.jpeg,2_PHOTO-scaled.jpeg
954,"Superhero Bar Mitzvah Cake","Andrew's Bar Mitzvah was extra special with this 3 layer superhero cake. The Bar Mitzvah cake had mixed layers of fondant and decorated with his favorite superheroes.",RC-0003,simple,0,https://ccdev2026.wpenginepowered.com/wp-content/uploads/2021/12/3_PHOTO-1.jpg,3_PHOTO-1.jpg
956,"Angelic Communion Cake","This religious and angelic Communion cake was created with elegance in mind. The 3 layers of fondant have different decorations and accented with gum paste florals and a cross cake topper. ",RC-0004,simple,0,https://ccdev2026.wpenginepowered.com/wp-content/uploads/2021/12/4_PHOTO-1-1.jpg,4_PHOTO-1-1.jpg
958,"Wedding Dress Bridal Shower Cake","Designed for the bride to be; this wedding dress bridal shower cake is 3 layers of fondant and adorned with florals. ",BS-0003,simple,0,https://ccdev2026.wpenginepowered.com/wp-content/uploads/2021/12/3_PHOTO.jpg,3_PHOTO.jpg
960,"Strawberries Bridal Shower Cake","This elegant style fondant bridal shower cake is adorned with florals and strawberries for the bride to be. The cake has a tall second layer to model a cathedral in light green fondant. ",BS-0004,simple,0,https://ccdev2026.wpenginepowered.com/wp-content/uploads/2021/12/2_PHOTO.jpg,2_PHOTO.jpg
962,"Spectacular Pearls Graduation Cake","Celebrate your recent graduate with this elegant graduation cake. This showcase graduation has mixed layers of expertly decorated styles including gold sprinkles and pearl. The top layer shows a graduation cap and gum paste roses.",GC-0001,simple,0,https://ccdev2026.wpenginepowered.com/wp-content/uploads/2021/12/1_PHOTO.jpeg,1_PHOTO.jpeg
964,"Doctorate Graduation Cake","Celebrate your recent graduation as a doctor, nurse or any healthcare worker with this medical graduation cake. This graduation cake has 2 layers of fondant decorated to show your recent graduation into the medical field. ",GC-0002,simple,0,https://ccdev2026.wpenginepowered.com/wp-content/uploads/2021/12/2_PHOTO-1.jpeg,2_PHOTO-1.jpeg
1010,"Rockstar Mazel Tov Cake","The perfect cake for any Judaism occasion like a Bar or Bat Mitzvah. The Rockstar Mazel Tov Cake is a musician's dream with an electric guitar sculpted out of fondant.  ",RC-0005,simple,0,https://ccdev2026.wpenginepowered.com/wp-content/uploads/2021/12/5_PHOTO-1.jpg,5_PHOTO-1.jpg
1012,"Simple Gold Religious Cake","This 1 layer baptism cake is perfect for any religious occasion and small gathering. The gold and white baptism cake is accented with gold flowers. Communion cakes, confirmation cakes and baptism cakes are a specialty of Palermo Bakery.",RC-0006,simple,0,https://ccdev2026.wpenginepowered.com/wp-content/uploads/2021/12/7_PHOTO.jpeg,7_PHOTO.jpeg
1014,"Shades of Pink Wedding Cake","Shades of Pink Wedding Cake is a two layer buttercream wedding cake expertly decorated with draping pink flowers. ",WC-0005,simple,0,https://ccdev2026.wpenginepowered.com/wp-content/uploads/2021/12/6_PHOTO-scaled.jpeg,6_PHOTO-scaled.jpeg
1018,"Naked Berries Wedding Cake","Naked Berries Wedding Cake has 4 layers of buttercream with a semi-naked style. The rustic wedding cake is topped with two love birds and mixed berries. ",WC-0008,simple,0,https://ccdev2026.wpenginepowered.com/wp-content/uploads/2021/12/9_PHOTO-1.jpg,9_PHOTO-1.jpg
1025,"Royal Roses Wedding Cake","The Royal Roses Wedding Cake is 4 layers of white buttercream with accents. The wedding cake has beautiful draping fondant pink roses. ",WC-0009,simple,0,https://ccdev2026.wpenginepowered.com/wp-content/uploads/2021/12/15_PHOTO.jpg,15_PHOTO.jpg
1027,"Autumn Florals Wedding Cake","This 4 layer mixed wedding cake is perfect for any Fall wedding. The bottom layer of the floral wedding cake has buttercream spirals piped and small dots separating layers. ",WC-0010,simple,0,https://ccdev2026.wpenginepowered.com/wp-content/uploads/2021/12/16_PHOTO.jpg,16_PHOTO.jpg
1033,"Elegant Fall Wedding Cake","This Elegant Fall Wedding Cake is 4 layers of buttercream with a rustic design. Flowers are adorned to the rustic wedding cake. 

Photo by: Brianna Wilbur Photography Email: brianna@briannawilbur.com",VWC-0013,simple,0,https://ccdev2026.wpenginepowered.com/wp-content/uploads/2021/12/Reception-Grasso-Briannawilburphoto-73-scaled.jpg|https://ccdev2026.wpenginepowered.com/wp-content/uploads/2021/12/Reception-Grasso-Briannawilburphoto-75-scaled.jpg,Reception-Grasso-Briannawilburphoto-73-scaled.jpg|Reception-Grasso-Briannawilburphoto-75-scaled.jpg
1037,"Regal Cream Wedding Cake","The Regal Cream Wedding Cake is a masterpiece of cake decorating with 6 layers of buttercream and accents. The wedding cake was the centerpiece of the wedding.",WC-0011,simple,0,https://ccdev2026.wpenginepowered.com/wp-content/uploads/2021/12/20_PHOTO-scaled.jpg|https://ccdev2026.wpenginepowered.com/wp-content/uploads/2021/12/21_PHOTO-scaled.jpg|https://ccdev2026.wpenginepowered.com/wp-content/uploads/2021/12/20_PHOTO-1-scaled.jpg,20_PHOTO-scaled.jpg|21_PHOTO-scaled.jpg|20_PHOTO-1-scaled.jpg
1041,"Gold Flaked Naked Wedding Cake","The semi naked wedding cake has 3 round layers and another square layer. The naked wedding cake is adorned with roses and gold flakes. ",WC-0012,simple,0,https://ccdev2026.wpenginepowered.com/wp-content/uploads/2021/12/22_PHOTO.jpg,22_PHOTO.jpg
1043,"Corpse Bride Wedding Cake","A wedding cake for a couple that loves the Corpse Bride movie, the 4 layer cake is made with white buttercream. The wedding cake layers are decorated with chocolate drips on each layer. The Corpse Bride Wedding Cake is topped with Victor Van Dort and Emily the Corpse Bride. ",WC-0013,simple,0,https://ccdev2026.wpenginepowered.com/wp-content/uploads/2021/12/26_PHOTO.jpg,26_PHOTO.jpg
1055,"Bling Roses Wedding Cake","Bling Roses Wedding Cake is 6 layers of cake decorating perfection. Each layer of the wedding cake has a different theme from roses to jewelry. This bling style wedding cake will truly bring the elegance to any wedding.",WC-0014,simple,0,https://ccdev2026.wpenginepowered.com/wp-content/uploads/2022/01/27_PHOTO.jpg,27_PHOTO.jpg
1058,"Pin-dot Squares Wedding Cake","Pindot Squares Wedding Cake has 3 square layers adorned with pin-dots and and roses.",WC-0015,simple,0,https://ccdev2026.wpenginepowered.com/wp-content/uploads/2022/01/32_PHOTO-scaled.jpeg,32_PHOTO-scaled.jpeg
1060,"Delicate Bronze Wedding Cake","Delicate Bronze Wedding Cake showcases 3 layers with different cake decorating styles. The bottom layer of the wedding cake is bronze with carved art. The middle layer has crystal sprinkles and the top layer with horizontal piping. ",WC-0016,simple,0,https://ccdev2026.wpenginepowered.com/wp-content/uploads/2022/01/33_PHOTO-scaled.jpeg,33_PHOTO-scaled.jpeg
1062,"Marble Wow Wedding Cake","Marble Wow Wedding Cake is a custom wedding cake that is truly one of a kind. Shades of gray marbling decorate the layers of the wedding cake and it is adorned with flowers. Each layer is taller than typical wedding cake layers. ",WC-0017,simple,0,https://ccdev2026.wpenginepowered.com/wp-content/uploads/2022/01/34_PHOTO-scaled.jpg,34_PHOTO-scaled.jpg
1064,"Chick-Fil-A Birthday Cake","Chick-Fil-A Birthday Cake is the perfect cake for any Chick-Fil-A lover. The cake is decorated with fondant to show the black and white spots of the cow and logo. ",BDC-0012,simple,0,https://ccdev2026.wpenginepowered.com/wp-content/uploads/2022/01/1_PHOTO-scaled.jpg,1_PHOTO-scaled.jpg
1067,"Peace & Love Birthday Cake","Peace & Love Birthday Cake is the perfect birthday cake for any occasion. The 3 layer cake is expertly decorated for a children's birthday cake with fondant decor.",BDC-0013,simple,0,https://ccdev2026.wpenginepowered.com/wp-content/uploads/2022/01/3_PHOTO-scaled.jpg,3_PHOTO-scaled.jpg
1069,"Toy Story Birthday Cake","Toy Story Birthday Cake is a perfect children's birthday cake for any Toy Story or Pixar lover. The cake is decorated with fondant to show Buzz Lightyear and Woody.",BDC-0014,simple,0,https://ccdev2026.wpenginepowered.com/wp-content/uploads/2022/01/5_PHOTO-scaled.jpg,5_PHOTO-scaled.jpg
1071,"Tuxedo Birthday Cake","Tuxedo Birthday Cake is perfect for any birthday or even as a groom's cake. The birthday cake is 1 layer that is decorated with fondant to look like a tuxedo. ",BDC-0015,simple,0,https://ccdev2026.wpenginepowered.com/wp-content/uploads/2022/01/3_PHOTO-scaled.jpeg,3_PHOTO-scaled.jpeg
1073,"Harry Potter Birthday Cake","Harry Potter Birthday Cake will make any fan love their birthday. The Harry Potter Birthday Cake is decorated with fondant to look like the iconic character. ",BDC-0016,simple,0,https://ccdev2026.wpenginepowered.com/wp-content/uploads/2022/01/5_PHOTO-scaled.jpeg,5_PHOTO-scaled.jpeg
1076,"Seashore Splash Birthday Cake","Gabriella's 12th birthday party was a huge success due in large part to the Seashore Splash Birthday Cake. The Seashore Splash Birthday Cake is a marvel of cake decorating with 4 different layers with bright colors of fondant.",BDC-0018,simple,0,https://ccdev2026.wpenginepowered.com/wp-content/uploads/2022/01/6_PHOTO-scaled.jpg,6_PHOTO-scaled.jpg
1113,"Kean University Graduation Cake","This elegant graduation cake is topped with a sculpted cap and a fondant scarf. ",GC-0013,simple,0,https://ccdev2026.wpenginepowered.com/wp-content/uploads/2022/05/Screen-Shot-2022-05-22-at-11.40.50-PM.png,Screen-Shot-2022-05-22-at-11.40.50-PM.png
1161,"Simple Ribbons White/Ivory Wedding Cake","This creation is a very simple wedding cake, that features ribbons on the bottom of each layer. Your special day will be timeless with this design. 

<em>Venue wedding cakes are cakes that are included with your package from your wedding venue. Extra charges may be added when you change or add features to the cake. 

Cake pricing varies greatly depending on the level of detail in the design and the size of the cake itself. The best thing to do is to inquire directly with a Palermo sales consultant regarding more exact pricing by phone or email.</em>",WC-0004-1,simple,0,https://ccdev2026.wpenginepowered.com/wp-content/uploads/2022/07/12WhiteWeddingCake.jpg|https://ccdev2026.wpenginepowered.com/wp-content/uploads/2022/07/12IvoryWeddingCake.jpg,12WhiteWeddingCake.jpg|12IvoryWeddingCake.jpg
1197,"Tap-a-Keg Birthday Cake",,,simple,0,https://ccdev2026.wpenginepowered.com/wp-content/uploads/2022/09/barrelcake.jpg,barrelcake.jpg
1199,"Slam Dunk Birthday Cake",,,simple,0,https://ccdev2026.wpenginepowered.com/wp-content/uploads/2022/09/basketballcake.jpg,basketballcake.jpg
1201,"Draping Butterflies Cake",,,simple,0,https://ccdev2026.wpenginepowered.com/wp-content/uploads/2022/09/ButterflyCake.jpg,ButterflyCake.jpg
1203,"Simple Striped Florals Cake",,,simple,0,https://ccdev2026.wpenginepowered.com/wp-content/uploads/2022/09/flowerstripecake.jpg,flowerstripecake.jpg
1205,"Gold Florals Communion Cake",,,simple,0,https://ccdev2026.wpenginepowered.com/wp-content/uploads/2022/09/godblesscake2.jpg,godblesscake2.jpg
1207,"Jack the Pumpkin Cake",,,simple,0,https://ccdev2026.wpenginepowered.com/wp-content/uploads/2022/09/jackthepumpkinkingcake.jpg,jackthepumpkinkingcake.jpg
1209,"Macaroon Florals Cake",,,simple,0,https://ccdev2026.wpenginepowered.com/wp-content/uploads/2022/09/macroonpinkkcake.jpg,macroonpinkkcake.jpg
1211,"Naruto Ninja Cake",,,simple,0,https://ccdev2026.wpenginepowered.com/wp-content/uploads/2022/09/NarutoCake.jpg,NarutoCake.jpg
1213,"Pink Pearls Flower Cake",,,simple,0,https://ccdev2026.wpenginepowered.com/wp-content/uploads/2022/09/pinkpearlflowercake.jpg,pinkpearlflowercake.jpg
1215,"Pooh Bear Baby Cake",,,simple,0,https://ccdev2026.wpenginepowered.com/wp-content/uploads/2022/09/poohcake.jpg,poohcake.jpg
1217,"Midnight Roses Cakes",,,simple,0,https://ccdev2026.wpenginepowered.com/wp-content/uploads/2022/09/roseandgoldcake.jpg,roseandgoldcake.jpg
1219,"Ombre Space Cake",,,simple,0,https://ccdev2026.wpenginepowered.com/wp-content/uploads/2022/09/spacecake.jpg,spacecake.jpg
1221,"Rose Lover Occasion Cake",,,simple,0,https://ccdev2026.wpenginepowered.com/wp-content/uploads/2022/09/stellacake.jpg,stellacake.jpg
1223,"Comic Book 40th Birthday Cake",,,simple,0,https://ccdev2026.wpenginepowered.com/wp-content/uploads/2022/09/40birthdaycake.jpg,40birthdaycake.jpg
1225,"Bears & Balloons Baby Cake",,,simple,0,https://ccdev2026.wpenginepowered.com/wp-content/uploads/2022/09/baby1.jpg,baby1.jpg
1227,"Oh Baby Girl Cake",,,simple,0,https://ccdev2026.wpenginepowered.com/wp-content/uploads/2022/09/babycake.jpg,babycake.jpg
1229,"Modern Sparkles Cake",,,simple,0,https://ccdev2026.wpenginepowered.com/wp-content/uploads/2022/09/background11.jpg,background11.jpg
1231,"Spiderman Minion Cake",,,simple,0,https://ccdev2026.wpenginepowered.com/wp-content/uploads/2022/09/bdaycake1.jpg,bdaycake1.jpg
1233,"Safari 1st Birthday Cake",,,simple,0,https://ccdev2026.wpenginepowered.com/wp-content/uploads/2022/09/bdaycake2.jpg,bdaycake2.jpg
1235,"Dinosaur Sheet Cake",,,simple,0,https://ccdev2026.wpenginepowered.com/wp-content/uploads/2022/09/dinocake.jpg,dinocake.jpg
1237,"Cinderella Carriage Cake",,,simple,0,https://ccdev2026.wpenginepowered.com/wp-content/uploads/2022/09/fancycake1.jpg,fancycake1.jpg
1240,"Pink Butterflies Cake",,,simple,0,https://ccdev2026.wpenginepowered.com/wp-content/uploads/2022/09/fancycake2.jpg,fancycake2.jpg
1242,"Mocha Party Cake",,,simple,0,https://ccdev2026.wpenginepowered.com/wp-content/uploads/2022/09/fancycake3.jpg,fancycake3.jpg
1244,"Unicorn Birthday Cake",,,simple,0,https://ccdev2026.wpenginepowered.com/wp-content/uploads/2022/09/fancycake4.jpg,fancycake4.jpg
1246,"Ice Cream Drip Cake",,,simple,0,https://ccdev2026.wpenginepowered.com/wp-content/uploads/2022/09/fancycake5.jpg,fancycake5.jpg
1252,"Pindot Spring Custom Cake",,,simple,0,https://ccdev2026.wpenginepowered.com/wp-content/uploads/2022/10/fancycake6.jpg,fancycake6.jpg
1254,"Sushi Rolls Custom Cake",,,simple,0,https://ccdev2026.wpenginepowered.com/wp-content/uploads/2022/10/fancycake7.jpg,fancycake7.jpg
1256,"Puppy Love Baby Cake",,,simple,0,https://ccdev2026.wpenginepowered.com/wp-content/uploads/2022/10/fancycake8.jpg,fancycake8.jpg
1258,"Blue & Gold Flakes Wedding Cake",,,simple,0,https://ccdev2026.wpenginepowered.com/wp-content/uploads/2022/10/fancycake10.jpg,fancycake10.jpg
1260,"Box of Love Birthday Cake",,,simple,0,https://ccdev2026.wpenginepowered.com/wp-content/uploads/2022/10/fancycake9.jpg,fancycake9.jpg
1263,"Marbled Graduation Cake",,,simple,0,https://ccdev2026.wpenginepowered.com/wp-content/uploads/2022/10/fancycake11.jpg,fancycake11.jpg
1265,"Squared Up Wedding Cake",,,simple,0,https://ccdev2026.wpenginepowered.com/wp-content/uploads/2022/10/wedding1.jpg,wedding1.jpg
1267,"White Wedding Cake",,,simple,0,https://ccdev2026.wpenginepowered.com/wp-content/uploads/2022/10/wedding3-scaled.jpg,wedding3-scaled.jpg
1277,"Naked Baby Cake",,,simple,0,https://ccdev2026.wpenginepowered.com/wp-content/uploads/2023/07/IMG_8108.jpg,IMG_8108.jpg
1279,"White Fondant Religious Cake",,,simple,0,https://ccdev2026.wpenginepowered.com/wp-content/uploads/2023/07/PalermoBakeryCake1.jpg,PalermoBakeryCake1.jpg
1281,"Fun Mickey Birthday Cake",,,simple,0,https://ccdev2026.wpenginepowered.com/wp-content/uploads/2023/07/PalermoBakeryCake2.jpg,PalermoBakeryCake2.jpg
1283,"Jungle Birthday Cake",,,simple,0,https://ccdev2026.wpenginepowered.com/wp-content/uploads/2023/07/PalermoBakeryCake3.jpg,PalermoBakeryCake3.jpg
1285,"Elegant Rose Tiers Cake",,,simple,0,https://ccdev2026.wpenginepowered.com/wp-content/uploads/2023/07/PalermoBakeryCake4.jpg,PalermoBakeryCake4.jpg
1287,"Red Carpet Star Cake",,,simple,0,https://ccdev2026.wpenginepowered.com/wp-content/uploads/2023/07/PalermoBakeryCake5.jpg,PalermoBakeryCake5.jpg
1289,"Ivory Designs Cake",,,simple,0,https://ccdev2026.wpenginepowered.com/wp-content/uploads/2023/07/PalermoBakeryCake6.jpg,PalermoBakeryCake6.jpg
1291,"Yellow Lego Cake",,,simple,0,https://ccdev2026.wpenginepowered.com/wp-content/uploads/2023/07/PalermoBakeryCake7.jpg,PalermoBakeryCake7.jpg
1293,"Paw Patrol Birthday Cake",,,simple,0,https://ccdev2026.wpenginepowered.com/wp-content/uploads/2023/07/PalermoBakeryCake8.jpg,PalermoBakeryCake8.jpg
1295,"Louis Vuitton Cake",,,simple,0,https://ccdev2026.wpenginepowered.com/wp-content/uploads/2023/07/PalermoBakeryCake9.jpg,PalermoBakeryCake9.jpg
1297,"Circus Birthday Cake",,,simple,0,https://ccdev2026.wpenginepowered.com/wp-content/uploads/2023/07/PalermoBakeryCake11.jpg,PalermoBakeryCake11.jpg
1299,"Air Jordan Shoe Birthday Cake",,,simple,0,https://ccdev2026.wpenginepowered.com/wp-content/uploads/2023/07/PalermoBakeryCake12.jpg,PalermoBakeryCake12.jpg
1301,"Rosary & Cross Baptism Cake",,,simple,0,https://ccdev2026.wpenginepowered.com/wp-content/uploads/2023/07/PalermoBakeryCake13.jpg,PalermoBakeryCake13.jpg
1303,"Pink Beauty Religious Cake",,,simple,0,https://ccdev2026.wpenginepowered.com/wp-content/uploads/2023/07/PalermoBakeryCake14.jpg,PalermoBakeryCake14.jpg
1305,"Rangers Hockey Cake",,,simple,0,https://ccdev2026.wpenginepowered.com/wp-content/uploads/2023/07/PalermoBakeryCake15.jpg,PalermoBakeryCake15.jpg
1307,"Pink Ruffles Baby Cake",,,simple,0,https://ccdev2026.wpenginepowered.com/wp-content/uploads/2023/07/PalermoBakeryCake16.jpg,PalermoBakeryCake16.jpg
1309,"Louis Vuitton Box Cake",,,simple,0,https://ccdev2026.wpenginepowered.com/wp-content/uploads/2023/07/PalermoBakeryCake17.jpg,PalermoBakeryCake17.jpg
1311,"Mets Baseball Cake",,,simple,0,https://ccdev2026.wpenginepowered.com/wp-content/uploads/2023/07/PalermoBakeryCake18.jpg,PalermoBakeryCake18.jpg
1313,"Giants Football Cake",,,simple,0,https://ccdev2026.wpenginepowered.com/wp-content/uploads/2023/07/PalermoBakeryCake19.jpg,PalermoBakeryCake19.jpg
1315,"White Waves Wedding Cake",,,simple,0,https://ccdev2026.wpenginepowered.com/wp-content/uploads/2023/07/PalermoBakeryCake58.jpg,PalermoBakeryCake58.jpg
1317,"Elegant Mixed Tiers Wedding Cake",,,simple,0,https://ccdev2026.wpenginepowered.com/wp-content/uploads/2023/07/PalermoBakeryCake62.jpg,PalermoBakeryCake62.jpg
1319,"Gold Stripes Wedding Cake",,,simple,0,https://ccdev2026.wpenginepowered.com/wp-content/uploads/2023/07/PalermoBakeryCake64.jpg,PalermoBakeryCake64.jpg
1321,"White Bride Wedding Cake",,,simple,0,https://ccdev2026.wpenginepowered.com/wp-content/uploads/2023/07/StoriePalermoBakeryCake2.png|https://ccdev2026.wpenginepowered.com/wp-content/uploads/2023/07/StoriePalermoBakeryCake1-scaled.jpg,StoriePalermoBakeryCake2.png|StoriePalermoBakeryCake1-scaled.jpg
1323,"Vintage Patterns Wedding Cake",,,simple,0,https://ccdev2026.wpenginepowered.com/wp-content/uploads/2023/07/StoriePalermoBakeryCake3-scaled-1.png|https://ccdev2026.wpenginepowered.com/wp-content/uploads/2023/07/StoriePalermoBakeryCake3-scaled.jpg|https://ccdev2026.wpenginepowered.com/wp-content/uploads/2023/07/StoriePalermoBakeryCake3-scaled-1.jpg,StoriePalermoBakeryCake3-scaled-1.png|StoriePalermoBakeryCake3-scaled.jpg|StoriePalermoBakeryCake3-scaled-1.jpg
1330,"Tea Party Cake",,,simple,0,https://ccdev2026.wpenginepowered.com/wp-content/uploads/2023/07/PalermoBakeryCake20.jpg,PalermoBakeryCake20.jpg
1332,"Grey's Anatomy Cake",,,simple,0,https://ccdev2026.wpenginepowered.com/wp-content/uploads/2023/07/PalermoBakeryCake21.jpg,PalermoBakeryCake21.jpg
1335,"Gryffindor Harry Potter Cake",,,simple,0,https://ccdev2026.wpenginepowered.com/wp-content/uploads/2023/07/PalermoBakeryCake22.jpg,PalermoBakeryCake22.jpg
1337,"Moana Baby Cake",,,simple,0,https://ccdev2026.wpenginepowered.com/wp-content/uploads/2023/07/PalermoBakeryCake23.jpg,PalermoBakeryCake23.jpg
1339,"Hawaiian Themed Cake",,,simple,0,https://ccdev2026.wpenginepowered.com/wp-content/uploads/2023/07/PalermoBakeryCake24.jpg,PalermoBakeryCake24.jpg
1341,"Yankees Hat Cake",,,simple,0,https://ccdev2026.wpenginepowered.com/wp-content/uploads/2023/07/PalermoBakeryCake25.jpg,PalermoBakeryCake25.jpg
1343,"Yellowstone Cake",,,simple,0,https://ccdev2026.wpenginepowered.com/wp-content/uploads/2023/07/PalermoBakeryCake26.jpg,PalermoBakeryCake26.jpg
1345,"Pearl Bubbles Wedding Cake",,,simple,0,https://ccdev2026.wpenginepowered.com/wp-content/uploads/2023/07/wedding1.png,wedding1.png
1347,"Exquisite Draping Wedding Cake",,,simple,0,https://ccdev2026.wpenginepowered.com/wp-content/uploads/2023/07/wedding2.png,wedding2.png
1349,"Purple Crystals Box Cake",,,simple,0,https://ccdev2026.wpenginepowered.com/wp-content/uploads/2023/07/birthday1.png,birthday1.png
1351,"Regal Gold Wedding Cake",,,simple,0,https://ccdev2026.wpenginepowered.com/wp-content/uploads/2023/07/wedding3.png,wedding3.png
1353,"M & H Wedding Cake",,,simple,0,https://ccdev2026.wpenginepowered.com/wp-content/uploads/2023/07/PalermoBakeryCake38.jpg,PalermoBakeryCake38.jpg
1355,"Floral Ivory Wedding Cake",,,simple,0,https://ccdev2026.wpenginepowered.com/wp-content/uploads/2023/07/PalermoBakeryCake57.jpg,PalermoBakeryCake57.jpg
1357,"Spring Meadow Wedding Cake",,,simple,0,https://ccdev2026.wpenginepowered.com/wp-content/uploads/2023/07/wedding4.png,wedding4.png
1359,"Red & White Roses Wedding Cake",,,simple,0,https://ccdev2026.wpenginepowered.com/wp-content/uploads/2023/07/wedding5.png,wedding5.png
1361,"Y & M Wedding Cake",,,simple,0,https://ccdev2026.wpenginepowered.com/wp-content/uploads/2023/07/wedding6.png,wedding6.png
1363,"Spring Purple Wedding Cake",,,simple,0,https://ccdev2026.wpenginepowered.com/wp-content/uploads/2023/07/wedding7.png,wedding7.png
1365,"Vintage Excellence Wedding Cake",,,simple,0,https://ccdev2026.wpenginepowered.com/wp-content/uploads/2023/07/wedding8.png,wedding8.png
1367,"Flow of Roses Wedding Cake",,,simple,0,https://ccdev2026.wpenginepowered.com/wp-content/uploads/2023/07/wedding9.png,wedding9.png
1369,"Square Dots Wedding Cake",,,simple,0,https://ccdev2026.wpenginepowered.com/wp-content/uploads/2023/07/wedding10.png,wedding10.png
1371,"Silver Roses Wedding Cake",,,simple,0,https://ccdev2026.wpenginepowered.com/wp-content/uploads/2023/07/wedding11.png,wedding11.png
1373,"Queen Wedding Cake",,,simple,0,https://ccdev2026.wpenginepowered.com/wp-content/uploads/2023/07/wedding12.png,wedding12.png
1375,"Draping Florals Wedding Cake",,,simple,0,https://ccdev2026.wpenginepowered.com/wp-content/uploads/2023/07/mixedwhite-1.png|https://ccdev2026.wpenginepowered.com/wp-content/uploads/2023/07/wedding13.png|https://ccdev2026.wpenginepowered.com/wp-content/uploads/2023/07/PalermoWeddingCake-scaled.jpg,mixedwhite-1.png|wedding13.png|PalermoWeddingCake-scaled.jpg
1377,"Crown Roses Wedding Cake",,,simple,0,https://ccdev2026.wpenginepowered.com/wp-content/uploads/2023/07/wedding14.png,wedding14.png
1379,"Rose Castle Wedding Cake",,,simple,0,https://ccdev2026.wpenginepowered.com/wp-content/uploads/2023/07/wedding15.png,wedding15.png
1381,"Hints of Bling Wedding Cake",,,simple,0,https://ccdev2026.wpenginepowered.com/wp-content/uploads/2023/07/wedding16.png,wedding16.png
1383,"Cherry On Top Wedding Cake",,,simple,0,https://ccdev2026.wpenginepowered.com/wp-content/uploads/2023/07/wedding17.png,wedding17.png
1386,"Puppies & Roses Wedding Cake",,,simple,0,https://ccdev2026.wpenginepowered.com/wp-content/uploads/2023/07/wedding23.png|https://ccdev2026.wpenginepowered.com/wp-content/uploads/2023/07/wecampingcake.png|https://ccdev2026.wpenginepowered.com/wp-content/uploads/2023/07/wedding18.png|https://ccdev2026.wpenginepowered.com/wp-content/uploads/2023/07/wedding19.png|https://ccdev2026.wpenginepowered.com/wp-content/uploads/2023/07/wedding20.png|https://ccdev2026.wpenginepowered.com/wp-content/uploads/2023/07/wedding21.png|https://ccdev2026.wpenginepowered.com/wp-content/uploads/2023/07/wedding22.png,wedding23.png|wecampingcake.png|wedding18.png|wedding19.png|wedding20.png|wedding21.png|wedding22.png
1394,"Gold Accents Wedding Cake",,,simple,0,https://ccdev2026.wpenginepowered.com/wp-content/uploads/2023/07/wedding22.png,wedding22.png
1395,"Naked Spring Wedding Cake",,,simple,0,https://ccdev2026.wpenginepowered.com/wp-content/uploads/2023/07/wedding21.png,wedding21.png
1396,"Pink Roses Wedding Cake",,,simple,0,https://ccdev2026.wpenginepowered.com/wp-content/uploads/2023/07/wedding20.png,wedding20.png
1397,"Gold Dust Wedding Cake",,,simple,0,https://ccdev2026.wpenginepowered.com/wp-content/uploads/2023/07/wedding19.png,wedding19.png
1398,"Pink & Gold Wedding Cake",,,simple,0,https://ccdev2026.wpenginepowered.com/wp-content/uploads/2023/07/wedding18.png,wedding18.png
1399,"Gone Camping Cake",,,simple,0,https://ccdev2026.wpenginepowered.com/wp-content/uploads/2023/07/wecampingcake.png,wecampingcake.png
1400,"Black Modern Wedding Cake",,,simple,0,https://ccdev2026.wpenginepowered.com/wp-content/uploads/2023/07/blackwedding.png|https://ccdev2026.wpenginepowered.com/wp-content/uploads/2023/07/bluecake.png|https://ccdev2026.wpenginepowered.com/wp-content/uploads/2023/07/eiffelcake.png|https://ccdev2026.wpenginepowered.com/wp-content/uploads/2023/07/jewelcake.png|https://ccdev2026.wpenginepowered.com/wp-content/uploads/2023/07/mariocake.png|https://ccdev2026.wpenginepowered.com/wp-content/uploads/2023/07/mixedwhite.png,blackwedding.png|bluecake.png|eiffelcake.png|jewelcake.png|mariocake.png|mixedwhite.png
1407,"Ombre Florals Birthday Cake",,,simple,0,https://ccdev2026.wpenginepowered.com/wp-content/uploads/2023/07/bluecake.png,bluecake.png
1408,"Eiffel Wedding Cake",,,simple,0,https://ccdev2026.wpenginepowered.com/wp-content/uploads/2023/07/eiffelcake.png,eiffelcake.png
1409,"Silver Accents Wedding Cake",,,simple,0,https://ccdev2026.wpenginepowered.com/wp-content/uploads/2023/07/jewelcake.png,jewelcake.png
1410,"Super Mario Birthday Cake",,,simple,0,https://ccdev2026.wpenginepowered.com/wp-content/uploads/2023/07/mariocake.png,mariocake.png
1411,"Cream Roses Wedding Cake",,,simple,0,https://ccdev2026.wpenginepowered.com/wp-content/uploads/2023/07/mixedwhite.png,mixedwhite.png
1415,"Seashore Wedding Cake",,,simple,0,https://ccdev2026.wpenginepowered.com/wp-content/uploads/2023/08/wed-1.png|https://ccdev2026.wpenginepowered.com/wp-content/uploads/2023/08/wed-2.png|https://ccdev2026.wpenginepowered.com/wp-content/uploads/2023/08/wed-3.png|https://ccdev2026.wpenginepowered.com/wp-content/uploads/2023/08/wed-4.png|https://ccdev2026.wpenginepowered.com/wp-content/uploads/2023/08/wed-5.png|https://ccdev2026.wpenginepowered.com/wp-content/uploads/2023/08/wed-6.png|https://ccdev2026.wpenginepowered.com/wp-content/uploads/2023/08/wed-7.png|https://ccdev2026.wpenginepowered.com/wp-content/uploads/2023/08/wed-8.png|https://ccdev2026.wpenginepowered.com/wp-content/uploads/2023/08/wed-9.png|https://ccdev2026.wpenginepowered.com/wp-content/uploads/2023/08/wed-10.png|https://ccdev2026.wpenginepowered.com/wp-content/uploads/2023/08/wed-11.png,wed-1.png|wed-2.png|wed-3.png|wed-4.png|wed-5.png|wed-6.png|wed-7.png|wed-8.png|wed-9.png|wed-10.png|wed-11.png
1427,"Bows and Bling Wedding Cake",,,simple,0,https://ccdev2026.wpenginepowered.com/wp-content/uploads/2023/08/wed-2.png,wed-2.png
1428,"Golden Hour Wedding Cake",,,simple,0,https://ccdev2026.wpenginepowered.com/wp-content/uploads/2023/08/wed-3.png,wed-3.png
1429,"Red & White Roses Wedding Cake",,,simple,0,https://ccdev2026.wpenginepowered.com/wp-content/uploads/2023/08/wed-4.png,wed-4.png
1430,"Modern Flair Wedding Cake",,,simple,0,https://ccdev2026.wpenginepowered.com/wp-content/uploads/2023/08/wed-5.png,wed-5.png
1431,"Beautiful Bride Wedding Cake",,,simple,0,https://ccdev2026.wpenginepowered.com/wp-content/uploads/2023/08/wed-6.png,wed-6.png
1432,"Pastel Roses Wedding Cake",,,simple,0,https://ccdev2026.wpenginepowered.com/wp-content/uploads/2023/08/wed-7.png,wed-7.png
1433,"Pink Beauty Wedding Cake",,,simple,0,https://ccdev2026.wpenginepowered.com/wp-content/uploads/2023/08/wed-8.png,wed-8.png
1434,"Texture Touches Wedding Cake",,,simple,0,https://ccdev2026.wpenginepowered.com/wp-content/uploads/2023/08/wed-10.png,wed-10.png
1435,"Bubbles Wedding Cake",,,simple,0,https://ccdev2026.wpenginepowered.com/wp-content/uploads/2023/08/wed-11.png,wed-11.png
1436,"Midnight Gold Wedding Cake",,,simple,0,https://ccdev2026.wpenginepowered.com/wp-content/uploads/2023/08/wed11.png|https://ccdev2026.wpenginepowered.com/wp-content/uploads/2023/08/wed1.png|https://ccdev2026.wpenginepowered.com/wp-content/uploads/2023/08/wed2.png|https://ccdev2026.wpenginepowered.com/wp-content/uploads/2023/08/wed3.png|https://ccdev2026.wpenginepowered.com/wp-content/uploads/2023/08/wed4.png|https://ccdev2026.wpenginepowered.com/wp-content/uploads/2023/08/wed5.png|https://ccdev2026.wpenginepowered.com/wp-content/uploads/2023/08/wed6.png|https://ccdev2026.wpenginepowered.com/wp-content/uploads/2023/08/wed7.png|https://ccdev2026.wpenginepowered.com/wp-content/uploads/2023/08/wed8.png|https://ccdev2026.wpenginepowered.com/wp-content/uploads/2023/08/wed9.png|https://ccdev2026.wpenginepowered.com/wp-content/uploads/2023/08/wed10.png,wed11.png|wed1.png|wed2.png|wed3.png|wed4.png|wed5.png|wed6.png|wed7.png|wed8.png|wed9.png|wed10.png
1441,"Rose Gold Wedding Cake",,,simple,0,https://ccdev2026.wpenginepowered.com/wp-content/uploads/2023/08/wed10.png,wed10.png
1449,"Green Bourbon Wedding Cake",,,simple,0,https://ccdev2026.wpenginepowered.com/wp-content/uploads/2023/08/wed9.png,wed9.png
1450,"Superhero Wedding Cake",,,simple,0,https://ccdev2026.wpenginepowered.com/wp-content/uploads/2023/08/wed8.png,wed8.png
1451,"Square Celebration Wedding Cake",,,simple,0,https://ccdev2026.wpenginepowered.com/wp-content/uploads/2023/08/wed7.png,wed7.png
1452,"Spring Green Wedding Cake",,,simple,0,https://ccdev2026.wpenginepowered.com/wp-content/uploads/2023/08/wed6.png,wed6.png
1453,"Pink Beginnings Wedding Cake",,,simple,0,https://ccdev2026.wpenginepowered.com/wp-content/uploads/2023/08/wed5.png,wed5.png
1454,"Green Shades Wedding Cake",,,simple,0,https://ccdev2026.wpenginepowered.com/wp-content/uploads/2023/08/wed4.png,wed4.png
1455,"Butterflies Wedding Cake",,,simple,0,https://ccdev2026.wpenginepowered.com/wp-content/uploads/2023/08/wed3.png,wed3.png
1456,"Blue Ombre Wedding Cake",,,simple,0,https://ccdev2026.wpenginepowered.com/wp-content/uploads/2023/08/wed2.png,wed2.png
1457,"Navy Wedding Drip Cake",,,simple,0,https://ccdev2026.wpenginepowered.com/wp-content/uploads/2023/08/wed1.png,wed1.png
1480,"Kisses Drip Cake",,,simple,0,https://ccdev2026.wpenginepowered.com/wp-content/uploads/2024/06/customcake1a-scaled.jpg|https://ccdev2026.wpenginepowered.com/wp-content/uploads/2024/06/customcake1c-scaled.jpg|https://ccdev2026.wpenginepowered.com/wp-content/uploads/2024/06/customcake1b-scaled.jpg,customcake1a-scaled.jpg|customcake1c-scaled.jpg|customcake1b-scaled.jpg
1484,"Simple White Bride Cake",,,simple,0,https://ccdev2026.wpenginepowered.com/wp-content/uploads/2024/06/customcake2.jpg,customcake2.jpg
1486,"Beauty Tiers Wedding Cake",,,simple,0,https://ccdev2026.wpenginepowered.com/wp-content/uploads/2024/06/customcake3.jpg,customcake3.jpg
1488,"Winter Blue Cake",,,simple,0,https://ccdev2026.wpenginepowered.com/wp-content/uploads/2024/06/customcake4.jpg,customcake4.jpg
1490,"Winter Wedding Cake",,,simple,0,https://ccdev2026.wpenginepowered.com/wp-content/uploads/2024/06/customcake5.jpg,customcake5.jpg
1492,"Puppies Birthday Cake",,,simple,0,https://ccdev2026.wpenginepowered.com/wp-content/uploads/2024/06/customcake6.jpg,customcake6.jpg
1494,"Baby Animals Sheet Cake",,,simple,0,https://ccdev2026.wpenginepowered.com/wp-content/uploads/2024/06/customcake7.jpg,customcake7.jpg
1496,"Golden Bubbles Birthday Cake",,,simple,0,https://ccdev2026.wpenginepowered.com/wp-content/uploads/2024/06/customcake8.jpg,customcake8.jpg
1498,"Lilo and Stitch Cupcake Cake",,,simple,0,https://ccdev2026.wpenginepowered.com/wp-content/uploads/2024/06/customcake9.jpg,customcake9.jpg
1500,"Hello Kitty Heart Cake",,,simple,0,https://ccdev2026.wpenginepowered.com/wp-content/uploads/2024/06/customcake10.jpg,customcake10.jpg
1506,"Roses and Snow Wedding Cake",,,simple,0,https://ccdev2026.wpenginepowered.com/wp-content/uploads/2024/09/palermobakeryandcustomcaksweddingcake.jpg,palermobakeryandcustomcaksweddingcake.jpg
1508,"Draping White Roses Wedding Cake",,,simple,0,https://ccdev2026.wpenginepowered.com/wp-content/uploads/2024/09/palermobakeryandcustomcaksweddingcake2.jpg,palermobakeryandcustomcaksweddingcake2.jpg
1510,"Classic Fondant Wedding Cake",,,simple,0,https://ccdev2026.wpenginepowered.com/wp-content/uploads/2024/09/palermobakeryandcustomcaksweddingcake3.jpg,palermobakeryandcustomcaksweddingcake3.jpg
1512,"Silver Striped Square Wedding Cake",,,simple,0,https://ccdev2026.wpenginepowered.com/wp-content/uploads/2024/09/palermobakeryandcustomcaksweddingcake4.jpg|https://ccdev2026.wpenginepowered.com/wp-content/uploads/2024/09/palermobakeryandcustomcaksweddingcake5.jpg|https://ccdev2026.wpenginepowered.com/wp-content/uploads/2024/09/palermobakeryandcustomcaksweddingcake6.jpg,palermobakeryandcustomcaksweddingcake4.jpg|palermobakeryandcustomcaksweddingcake5.jpg|palermobakeryandcustomcaksweddingcake6.jpg
1516,"Floral Rustic Wedding Cake",,,simple,0,https://ccdev2026.wpenginepowered.com/wp-content/uploads/2024/09/palermobakeryandcustomcaksweddingcake5.jpg,palermobakeryandcustomcaksweddingcake5.jpg
1517,"Cream Classic Wedding Cake",,,simple,0,https://ccdev2026.wpenginepowered.com/wp-content/uploads/2024/09/palermobakeryandcustomcaksweddingcake6.jpg,palermobakeryandcustomcaksweddingcake6.jpg
1518,"Naked Classic Wedding Cake",,,simple,0,https://ccdev2026.wpenginepowered.com/wp-content/uploads/2024/09/palermobakeryandcustomcaksweddingcake7.jpg|https://ccdev2026.wpenginepowered.com/wp-content/uploads/2024/09/palermobakeryandcustomcaksweddingcake8.jpg|https://ccdev2026.wpenginepowered.com/wp-content/uploads/2024/09/palermobakeryandcustomcaksweddingcake9.jpg|https://ccdev2026.wpenginepowered.com/wp-content/uploads/2024/09/palermobakeryandcustomcaksweddingcake10.jpg|https://ccdev2026.wpenginepowered.com/wp-content/uploads/2024/09/palermobakeryandcustomcaksweddingcake11.jpg|https://ccdev2026.wpenginepowered.com/wp-content/uploads/2024/09/palermobakeryandcustomcaksweddingcake12.jpg|https://ccdev2026.wpenginepowered.com/wp-content/uploads/2024/09/palermobakeryandcustomcaksweddingcake13.jpg|https://ccdev2026.wpenginepowered.com/wp-content/uploads/2024/09/palermobakeryandcustomcaksweddingcake14.jpg,palermobakeryandcustomcaksweddingcake7.jpg|palermobakeryandcustomcaksweddingcake8.jpg|palermobakeryandcustomcaksweddingcake9.jpg|palermobakeryandcustomcaksweddingcake10.jpg|palermobakeryandcustomcaksweddingcake11.jpg|palermobakeryandcustomcaksweddingcake12.jpg|palermobakeryandcustomcaksweddingcake13.jpg|palermobakeryandcustomcaksweddingcake14.jpg
1527,"White Drapes Wedding Cake",,,simple,0,https://ccdev2026.wpenginepowered.com/wp-content/uploads/2024/09/palermobakeryandcustomcaksweddingcake8.jpg,palermobakeryandcustomcaksweddingcake8.jpg
1528,"All The Piping Wedding Cake",,,simple,0,https://ccdev2026.wpenginepowered.com/wp-content/uploads/2024/09/palermobakeryandcustomcaksweddingcake9.jpg,palermobakeryandcustomcaksweddingcake9.jpg
1529,"Golden Roses Wedding Cake",,,simple,0,https://ccdev2026.wpenginepowered.com/wp-content/uploads/2024/09/palermobakeryandcustomcaksweddingcake10.jpg,palermobakeryandcustomcaksweddingcake10.jpg
1530,"Here Comes The Bride Wedding Cake",,,simple,0,https://ccdev2026.wpenginepowered.com/wp-content/uploads/2024/09/palermobakeryandcustomcaksweddingcake11.jpg,palermobakeryandcustomcaksweddingcake11.jpg
1531,"Violet Ribbons Wedding Cake",,,simple,0,https://ccdev2026.wpenginepowered.com/wp-content/uploads/2024/09/palermobakeryandcustomcaksweddingcake12.jpg,palermobakeryandcustomcaksweddingcake12.jpg
1532,"Blooming Wedding Cake",,,simple,0,https://ccdev2026.wpenginepowered.com/wp-content/uploads/2024/09/palermobakeryandcustomcaksweddingcake13.jpg,palermobakeryandcustomcaksweddingcake13.jpg
1533,"We Love Red Wedding Cake",,,simple,0,https://ccdev2026.wpenginepowered.com/wp-content/uploads/2024/09/palermobakeryandcustomcaksweddingcake14.jpg,palermobakeryandcustomcaksweddingcake14.jpg
1538,"Splast of Blue Roses Wedding Cake",,,simple,0,https://ccdev2026.wpenginepowered.com/wp-content/uploads/2024/10/Screenshot-2024-10-10-at-9.53.44 AM.png|https://ccdev2026.wpenginepowered.com/wp-content/uploads/2024/10/IMG_3255.heic|https://ccdev2026.wpenginepowered.com/wp-content/uploads/2024/10/Screenshot-2024-10-10-at-9.53.53 AM.png|https://ccdev2026.wpenginepowered.com/wp-content/uploads/2024/10/Screenshot-2024-10-10-at-9.54.19 AM.png,Screenshot-2024-10-10-at-9.53.44 AM.png|IMG_3255.heic|Screenshot-2024-10-10-at-9.53.53 AM.png|Screenshot-2024-10-10-at-9.54.19 AM.png
1543,"Autumn Florals Wedding Cake",,,simple,0,https://ccdev2026.wpenginepowered.com/wp-content/uploads/2024/10/Screenshot-2024-10-10-at-9.53.53 AM.png,Screenshot-2024-10-10-at-9.53.53 AM.png
1544,"Fall Naked Wedding Cake",,,simple,0,https://ccdev2026.wpenginepowered.com/wp-content/uploads/2024/10/Screenshot-2024-10-10-at-9.54.19 AM.png,Screenshot-2024-10-10-at-9.54.19 AM.png
1589,"Artistic Florals Wedding Cake","Modern style artistic florals wedding cake is made with butter cream and is perfect for any wedding especially in the Spring or Fall.",,simple,0,https://ccdev2026.wpenginepowered.com/wp-content/uploads/2025/09/Screenshot-2025-09-16-at-9.34.11-AM.png|https://ccdev2026.wpenginepowered.com/wp-content/uploads/2025/09/Screenshot-2025-09-16-at-9.34.53-AM.png|https://ccdev2026.wpenginepowered.com/wp-content/uploads/2025/09/Screenshot-2025-09-16-at-9.35.18-AM.png|https://ccdev2026.wpenginepowered.com/wp-content/uploads/2025/09/Screenshot-2025-09-16-at-9.35.44-AM.png|https://ccdev2026.wpenginepowered.com/wp-content/uploads/2025/09/Screenshot-2025-09-16-at-9.36.17-AM.png|https://ccdev2026.wpenginepowered.com/wp-content/uploads/2025/09/Screenshot-2025-09-16-at-9.36.58-AM.jpg,Screenshot-2025-09-16-at-9.34.11-AM.png|Screenshot-2025-09-16-at-9.34.53-AM.png|Screenshot-2025-09-16-at-9.35.18-AM.png|Screenshot-2025-09-16-at-9.35.44-AM.png|Screenshot-2025-09-16-at-9.36.17-AM.png|Screenshot-2025-09-16-at-9.36.58-AM.jpg
1596,"Beige Draping Flowers Wedding Cake","The Beige Draping Flowers Wedding Cake is 4 buttercream tiers with mixed designs for each tier and draped with fresh florals.",,simple,0,https://ccdev2026.wpenginepowered.com/wp-content/uploads/2025/09/Screenshot-2025-09-16-at-9.34.53-AM.png,Screenshot-2025-09-16-at-9.34.53-AM.png
1597,"Flakes of Gold Wedding Cake","Flakes of Gold Wedding Cake is a 3 tiered cake that is made with smooth buttercream. The cake is perfect for any special occasion.",,simple,0,https://ccdev2026.wpenginepowered.com/wp-content/uploads/2025/09/Screenshot-2025-09-16-at-9.35.18-AM.png,Screenshot-2025-09-16-at-9.35.18-AM.png
1598,"Macaroon Drip Cake","This peach Macaroon Drip Cake is 1 tier and is topped with flowers and macaroons. Imagine this cake as the top layer of a two or three tier cake?",,simple,0,https://ccdev2026.wpenginepowered.com/wp-content/uploads/2025/09/Screenshot-2025-09-16-at-9.35.44-AM.png,Screenshot-2025-09-16-at-9.35.44-AM.png
1599,"Naked Macaroons Gender Reveal Cake","This Naked Macaroons Gender Reveal Cake is perfect for any gender reveal or baby shower. The rustic style of a naked cake with a blue and a pink tier is a great way to celebrate any special occasion.",,simple,0,https://ccdev2026.wpenginepowered.com/wp-content/uploads/2025/09/Screenshot-2025-09-16-at-9.36.17-AM.png,Screenshot-2025-09-16-at-9.36.17-AM.png
1600,"Styled Gold 50th Birthday Cake","The Styled Gold 50th Birthday Cake is an extravagant way to celebrate any birthday in style. The tiers are mixed with gold and black tiers with a drip cake style. Treats and desserts are added to make the cake extra elegant.",,simple,0,https://ccdev2026.wpenginepowered.com/wp-content/uploads/2025/09/Screenshot-2025-09-16-at-9.36.58-AM.jpg,Screenshot-2025-09-16-at-9.36.58-AM.jpg
1691,"Cowboy Hat Birthday Cake",,,simple,0,https://ccdev2026.wpenginepowered.com/wp-content/uploads/2025/10/Cowboy-Hat-Birthday-Cake.jpg,Cowboy-Hat-Birthday-Cake.jpg
1692,"Kiss of Florals Wedding Cake",,,simple,0,https://ccdev2026.wpenginepowered.com/wp-content/uploads/2025/10/Kiss-of-Florals-Wedding-Cake.jpg,Kiss-of-Florals-Wedding-Cake.jpg
1693,"Little Gold Foil Wedding Cake",,,simple,0,https://ccdev2026.wpenginepowered.com/wp-content/uploads/2025/10/Little-Gold-Foil-Wedding-Cake.jpg,Little-Gold-Foil-Wedding-Cake.jpg
1694,"Magical Birthday Land Cake",,,simple,0,https://ccdev2026.wpenginepowered.com/wp-content/uploads/2025/10/Magical-Birthday-Land.jpg,Magical-Birthday-Land.jpg
1695,"Masquerade Queen Wedding Cake",,,simple,0,https://ccdev2026.wpenginepowered.com/wp-content/uploads/2025/10/Masquerade-Queen-Wedding-Cake.jpg,Masquerade-Queen-Wedding-Cake.jpg
1696,"Mickey Mouse Wedding Cake",,,simple,0,https://ccdev2026.wpenginepowered.com/wp-content/uploads/2025/10/Mickey-Mouse-Wedding-Cake.jpg,Mickey-Mouse-Wedding-Cake.jpg
1697,"Modern Gold & White Florals Wedding Cake",,,simple,0,https://ccdev2026.wpenginepowered.com/wp-content/uploads/2025/10/Modern-Gold-White-Florals-Wedding-Cake.jpg,Modern-Gold-White-Florals-Wedding-Cake.jpg
1698,"Monogrammed Castle Wedding Cake",,,simple,0,https://ccdev2026.wpenginepowered.com/wp-content/uploads/2025/10/Monogrammed-Castle-Wedding-Cake.jpg,Monogrammed-Castle-Wedding-Cake.jpg
1699,"Neutral & Gold Beauty Wedding Cake",,,simple,0,https://ccdev2026.wpenginepowered.com/wp-content/uploads/2025/10/Neutral-Gold-Beauty-Wedding-Cake.jpg,Neutral-Gold-Beauty-Wedding-Cake.jpg
1700,"One Petal Away Birthday Cake",,,simple,0,https://ccdev2026.wpenginepowered.com/wp-content/uploads/2025/10/One-Petal-Away-Birthday-Cake.jpg,One-Petal-Away-Birthday-Cake.jpg
1701,"Orchid Simplicity Wedding Cake",,,simple,0,https://ccdev2026.wpenginepowered.com/wp-content/uploads/2025/10/Orchid-Simplicity-Wedding-Cake.jpg,Orchid-Simplicity-Wedding-Cake.jpg
1702,"Pastel Petals Wedding Cake",,,,0,,
1704,"Pastel Petals Wedding Cake","Pastel Petals Wedding Cake",,simple,0,https://ccdev2026.wpenginepowered.com/wp-content/uploads/2025/10/Pastel-Petals-Wedding-Cake.jpg,Pastel-Petals-Wedding-Cake.jpg
1705,"Pink & Silver Sparkle Quilt Birthday Cake","Pink & Silver Sparkle Quilt Birthday Cake",,simple,0,https://ccdev2026.wpenginepowered.com/wp-content/uploads/2025/10/Pink-Silver-Sparkle-Quilt-Birthday-Cake.jpg,Pink-Silver-Sparkle-Quilt-Birthday-Cake.jpg
1706,"Pink Sweets Wedding Cake","Pink Sweets Wedding Cake",,simple,0,https://ccdev2026.wpenginepowered.com/wp-content/uploads/2025/10/Pink-Sweets-Wedding-Cake.jpg,Pink-Sweets-Wedding-Cake.jpg
1707,"Princess Peach Birthday Cake","Princess Peach Birthday Cake",,simple,0,https://ccdev2026.wpenginepowered.com/wp-content/uploads/2025/10/Princess-Peach-Birthday-Cake.jpg,Princess-Peach-Birthday-Cake.jpg
1708,"Purple Royalty Birthday Cake","Purple Royalty Birthday Cake",,simple,0,https://ccdev2026.wpenginepowered.com/wp-content/uploads/2025/10/Purple-Royalty-Birthday-Cake.jpg,Purple-Royalty-Birthday-Cake.jpg
1709,"Queen Wedding Cake","Queen Wedding Cake",,simple,0,https://ccdev2026.wpenginepowered.com/wp-content/uploads/2025/10/Queen-Wedding-Cake.jpg,Queen-Wedding-Cake.jpg
1710,"Quilted Charm Wedding Cake","Quilted Charm Wedding Cake",,simple,0,https://ccdev2026.wpenginepowered.com/wp-content/uploads/2025/10/Quilted-Charm-Wedding-Cake.jpg,Quilted-Charm-Wedding-Cake.jpg
1711,"Quilted Silver Wedding Cake","Quilted Silver Wedding Cake",,simple,0,https://ccdev2026.wpenginepowered.com/wp-content/uploads/2025/10/Quilted-Silver-Wedding-Cake.jpg,Quilted-Silver-Wedding-Cake.jpg
1712,"RIP to 20s Birthday Cake","RIP to 20s Birthday Cake",,simple,0,https://ccdev2026.wpenginepowered.com/wp-content/uploads/2025/10/RIP-to-20s-Birthday-Cake.jpg,RIP-to-20s-Birthday-Cake.jpg
1713,"Ruffled Drapes Wedding Cake","Ruffled Drapes Wedding Cake",,simple,0,https://ccdev2026.wpenginepowered.com/wp-content/uploads/2025/10/Ruffled-Drapes-Wedding-Cake.jpg,Ruffled-Drapes-Wedding-Cake.jpg
1714,"Santiago's Hot Wheels","Santiago's Hot Wheels",,simple,0,https://ccdev2026.wpenginepowered.com/wp-content/uploads/2025/10/Santiago_s-Hot-Wheels.jpg,Santiago_s-Hot-Wheels.jpg
1715,"Satin Ivory Bow Wedding Cake","Satin Ivory Bow Wedding Cake",,simple,0,https://ccdev2026.wpenginepowered.com/wp-content/uploads/2025/10/Satin-Ivory-Bow-Wedding-Cake.jpg,Satin-Ivory-Bow-Wedding-Cake.jpg
1716,"Satin White Beauty Wedding Cake","Satin White Beauty Wedding Cake",,simple,0,https://ccdev2026.wpenginepowered.com/wp-content/uploads/2025/10/Satin-White-Beauty-Wedding-Cake.jpg,Satin-White-Beauty-Wedding-Cake.jpg
1717,"Scholar Graduation Cake","Scholar Graduation Cake",,simple,0,https://ccdev2026.wpenginepowered.com/wp-content/uploads/2025/10/Scholar-Graduation-Cake.jpg,Scholar-Graduation-Cake.jpg
1718,"Semi-Naked with Rusty Florals","Semi-Naked with Rusty Florals",,simple,0,https://ccdev2026.wpenginepowered.com/wp-content/uploads/2025/10/Semi-Naked-with-Rusty-Florals.jpg,Semi-Naked-with-Rusty-Florals.jpg
1719,"She's Whisked Away Bridal Shower Cake","She's Whisked Away Bridal Shower Cake",,simple,0,https://ccdev2026.wpenginepowered.com/wp-content/uploads/2025/10/She_s-Whisked-Away-Bridal-Shower-Cake.jpg,She_s-Whisked-Away-Bridal-Shower-Cake.jpg
1720,"Shimmery Blue Sparkle Birthday Cake","Shimmery Blue Sparkle Birthday Cake",,simple,0,https://ccdev2026.wpenginepowered.com/wp-content/uploads/2025/10/Shimmery-Blue-Sparkle-Birthday-Cake.jpg,Shimmery-Blue-Sparkle-Birthday-Cake.jpg
1722,"Silver Drips with Butterflies Birthday Cake","Silver Drips with Butterflies Birthday Cake",,simple,0,https://ccdev2026.wpenginepowered.com/wp-content/uploads/2025/10/Silver-Drips-with-Butterflies-Birthday-Cake.jpg,Silver-Drips-with-Butterflies-Birthday-Cake.jpg
1723,"Silver Floral Burst Wedding Cake","Silver Floral Burst Wedding Cake",,simple,0,https://ccdev2026.wpenginepowered.com/wp-content/uploads/2025/10/Silver-Floral-Burst-Wedding-Cake.jpg,Silver-Floral-Burst-Wedding-Cake.jpg
1724,"Simplistic Spiral Wedding Cake","Simplistic Spiral Wedding Cake",,simple,0,https://ccdev2026.wpenginepowered.com/wp-content/uploads/2025/10/Simplistic-Spiral-Wedding-Cake.jpg,Simplistic-Spiral-Wedding-Cake.jpg
1725,"Snow White Bow Birthday Cake","Snow White Disney Bow Birthday Cake",,simple,0,https://ccdev2026.wpenginepowered.com/wp-content/uploads/2025/10/Snow-White-Bow-Birthday-Cake.jpg,Snow-White-Bow-Birthday-Cake.jpg
1726,"Tini Bit Older Birthday Cake","Tini Bit Older Birthday Cake",,simple,0,https://ccdev2026.wpenginepowered.com/wp-content/uploads/2025/10/Tini-Bit-Older-Birthday-Cake.jpg,Tini-Bit-Older-Birthday-Cake.jpg
1727,"Tom & Jerry Celebration Birthday Cake","Tom & Jerry Celebration Birthday Cake",,simple,0,https://ccdev2026.wpenginepowered.com/wp-content/uploads/2025/10/Tom-Jerry-Celebration-Birthday-Cake.jpg,Tom-Jerry-Celebration-Birthday-Cake.jpg
1728,"Towers of Elegance Wedding Cake","Towers of Elegance Wedding Cake",,simple,0,https://ccdev2026.wpenginepowered.com/wp-content/uploads/2025/10/Towers-of-Elegance-Wedding-Cake.jpg,Towers-of-Elegance-Wedding-Cake.jpg
1729,"Very Berry Birthday Cake","Very Berry Birthday Cake",,simple,0,https://ccdev2026.wpenginepowered.com/wp-content/uploads/2025/10/Very-Berry-Birthday-Cake.jpg,Very-Berry-Birthday-Cake.jpg
1730,"Victorian Regal Wedding Cake","Victorian Regal Wedding Cake",,simple,0,https://ccdev2026.wpenginepowered.com/wp-content/uploads/2025/10/Victorian-Regal-Wedding-Cake.jpg,Victorian-Regal-Wedding-Cake.jpg
1731,"Warped Tour Birthday Cake","Warped Tour Birthday Cake",,simple,0,https://ccdev2026.wpenginepowered.com/wp-content/uploads/2025/10/Warped-Tour-Birthday-Cake.jpg,Warped-Tour-Birthday-Cake.jpg
1732,"White & Gold Floral Spiral Wedding Cake","White & Gold Floral Spiral Wedding Cake",,simple,0,https://ccdev2026.wpenginepowered.com/wp-content/uploads/2025/10/White-Gold-Floral-Spiral-Wedding-Cake.jpg,White-Gold-Floral-Spiral-Wedding-Cake.jpg
1734,"White Elegance with Florals Wedding Cake","White Elegance with Florals Wedding Cake",,simple,0,https://ccdev2026.wpenginepowered.com/wp-content/uploads/2025/10/White-Elegance-with-Florals-Wedding-Cake.jpg,White-Elegance-with-Florals-Wedding-Cake.jpg
1735,"White Rosey Drapes Wedding Cake","White Rosey Drapes Wedding Cake",,simple,0,https://ccdev2026.wpenginepowered.com/wp-content/uploads/2025/10/White-Rosey-Drapes-Wedding-Cake.jpg,White-Rosey-Drapes-Wedding-Cake.jpg
1736,"Ahoy! It's a Boy Baby Shower Cake","Ahoy! It's a Boy Baby Shower Cake",,simple,0,https://ccdev2026.wpenginepowered.com/wp-content/uploads/2025/10/A_hoy-It_s-a-Boy-Baby-Shower-Cake.jpg,A_hoy-It_s-a-Boy-Baby-Shower-Cake.jpg
1737,"Baby Sharks Birthday Cake","Baby Sharks Birthday Cake",,simple,0,https://ccdev2026.wpenginepowered.com/wp-content/uploads/2025/10/Baby-Sharks-Birthday-Cake-scaled.jpg,Baby-Sharks-Birthday-Cake-scaled.jpg
1738,"Baby's Breath Cascade Wedding Cake","Baby's Breath Cascade Wedding Cake",,simple,0,https://ccdev2026.wpenginepowered.com/wp-content/uploads/2025/10/Baby_s-Breath-Cascade-Wedding-Cake-scaled.jpg,Baby_s-Breath-Cascade-Wedding-Cake-scaled.jpg
1739,"Ballerina Bear Baby Shower Cake","Ballerina Bear Baby Shower Cake",,simple,0,https://ccdev2026.wpenginepowered.com/wp-content/uploads/2025/10/Ballerina-Bear-Baby-Shower-Cake-scaled.jpg,Ballerina-Bear-Baby-Shower-Cake-scaled.jpg
1741,"Best Buds Wedding Cake","Best Buds Wedding Cake",,simple,0,https://ccdev2026.wpenginepowered.com/wp-content/uploads/2025/10/Best-Buds-Wedding-Cake-scaled.jpg,Best-Buds-Wedding-Cake-scaled.jpg
1742,"Black & White Cartoon Birthday Cake","Black & White Cartoon Birthday Cake",,simple,0,https://ccdev2026.wpenginepowered.com/wp-content/uploads/2025/10/Black-White-Cartoon-Birthday-Cake-scaled.jpg,Black-White-Cartoon-Birthday-Cake-scaled.jpg
1743,"Blooming Baby Shower Cake","Blooming Baby Shower Cake",,simple,0,https://ccdev2026.wpenginepowered.com/wp-content/uploads/2025/10/Blooming-Baby-Shower-Cake-scaled.jpg,Blooming-Baby-Shower-Cake-scaled.jpg
1744,"Bow on Grey Birthday Cake","Bow on Grey Birthday Cake",,simple,0,https://ccdev2026.wpenginepowered.com/wp-content/uploads/2025/10/Bow-on-Grey-Birthday-Cake-scaled.jpg,Bow-on-Grey-Birthday-Cake-scaled.jpg
1745,"Cherry Kisses Wedding Cake","Cherry Kisses Wedding Cake",,simple,0,https://ccdev2026.wpenginepowered.com/wp-content/uploads/2025/10/Cherry-Kisses-Wedding-Cake-scaled.jpg,Cherry-Kisses-Wedding-Cake-scaled.jpg
1746,"Classic Vintage Heart Wedding Cake","Classic Vintage Heart Wedding Cake",,simple,0,https://ccdev2026.wpenginepowered.com/wp-content/uploads/2025/10/Classic-Vintage-Heart-Wedding-Cake-scaled.jpg,Classic-Vintage-Heart-Wedding-Cake-scaled.jpg
1747,"Copper & Anemones Wedding Cake","Copper & Anemones Wedding Cake",,simple,0,https://ccdev2026.wpenginepowered.com/wp-content/uploads/2025/10/Copper-Anemones-Wedding-Cake-scaled.jpg,Copper-Anemones-Wedding-Cake-scaled.jpg
1748,"Coral Ombre Birthday Cake","Coral Ombre Birthday Cake",,simple,0,https://ccdev2026.wpenginepowered.com/wp-content/uploads/2025/10/Coral-Ombre-Birthday-Cake.jpg,Coral-Ombre-Birthday-Cake.jpg
1749,"Curves and Waves Wedding Cake","Curves and Waves Wedding Cake",,simple,0,https://ccdev2026.wpenginepowered.com/wp-content/uploads/2025/10/Curves-and-Waves-Wedding-Cake-scaled.jpg,Curves-and-Waves-Wedding-Cake-scaled.jpg
1750,"Dancing Queen Birthday Cake","Dancing Queen Birthday Cake",,simple,0,https://ccdev2026.wpenginepowered.com/wp-content/uploads/2025/10/Dancing-Queen-Birthday-Cake-scaled.jpg,Dancing-Queen-Birthday-Cake-scaled.jpg
1751,"Delicate Beauty Wedding Cake","Delicate Beauty Wedding Cake",,simple,0,https://ccdev2026.wpenginepowered.com/wp-content/uploads/2025/10/Delicate-Beauty-Wedding-Cake-scaled.jpg,Delicate-Beauty-Wedding-Cake-scaled.jpg
1752,"Delicate Fans Cake","Delicate Fans Cake",,simple,0,https://ccdev2026.wpenginepowered.com/wp-content/uploads/2025/10/Delicate-Fans-Cake-scaled.jpg,Delicate-Fans-Cake-scaled.jpg
1753,"Double Cascading Royalty Wedding Cake","Double Cascading Royalty Wedding Cake",,simple,0,https://ccdev2026.wpenginepowered.com/wp-content/uploads/2025/10/Double-Cascading-Royalty-Wedding-Cake-scaled.jpg,Double-Cascading-Royalty-Wedding-Cake-scaled.jpg
1755,"Drape & Mini Rosettes Wedding Cake","Drape & Mini Rosettes Wedding Cake",,simple,0,https://ccdev2026.wpenginepowered.com/wp-content/uploads/2025/10/Drape-Mini-Rosettes-Wedding-Cake-scaled.jpg,Drape-Mini-Rosettes-Wedding-Cake-scaled.jpg
1756,"Draped Vintage Squares Wedding Cake","Draped Vintage Squares Wedding Cake",,simple,0,https://ccdev2026.wpenginepowered.com/wp-content/uploads/2025/10/Draped-Vintage-Squares-Wedding-Cake-scaled.jpg,Draped-Vintage-Squares-Wedding-Cake-scaled.jpg
1757,"Dreamy Drapes Wedding Cake","Dreamy Drapes Wedding Cake",,simple,0,https://ccdev2026.wpenginepowered.com/wp-content/uploads/2025/10/Dreamy-Drapes-Wedding-Cake-scaled.jpg,Dreamy-Drapes-Wedding-Cake-scaled.jpg
1758,"Encanto's Mirabel Birthday Cake","Encanto's Mirabel Birthday Cake",,simple,0,https://ccdev2026.wpenginepowered.com/wp-content/uploads/2025/10/Encanto_s-Mirabel-Birthday-Cake-scaled.jpg,Encanto_s-Mirabel-Birthday-Cake-scaled.jpg
1759,"Farm Sheet Birthday Cake","Farm Sheet Birthday Cake",,simple,0,https://ccdev2026.wpenginepowered.com/wp-content/uploads/2025/10/Farm-Sheet-Birthday-Cake-scaled.jpg,Farm-Sheet-Birthday-Cake-scaled.jpg
1760,"Filigree & Floral Wedding Cake","Filigree & Floral Wedding Cake",,simple,0,https://ccdev2026.wpenginepowered.com/wp-content/uploads/2025/10/Filigree-Floral-Wedding-Cake-scaled.jpg,Filigree-Floral-Wedding-Cake-scaled.jpg
1761,"Gold & Black 50 Birthday Cake","Gold & Black 50 Birthday Cake",,simple,0,https://ccdev2026.wpenginepowered.com/wp-content/uploads/2025/10/Gold-Black-50-Birthday-Cake-scaled.jpg,Gold-Black-50-Birthday-Cake-scaled.jpg
1762,"Gotta Go Fast Sonic Birthday Cake","Gotta Go Fast Sonic Birthday Cake",,simple,0,https://ccdev2026.wpenginepowered.com/wp-content/uploads/2025/10/Gotta-Go-Fast-Sonic-Birthday-Cake-scaled.jpg,Gotta-Go-Fast-Sonic-Birthday-Cake-scaled.jpg
1763,"Grand Castle Wedding Cake","Grand Castle Wedding Cake",,simple,0,https://ccdev2026.wpenginepowered.com/wp-content/uploads/2025/10/Grand-Castle-Wedding-Cake-scaled.jpg,Grand-Castle-Wedding-Cake-scaled.jpg
1764,"Grand Pearls Wedding Cake","Grand Pearls Wedding Cake",,simple,0,https://ccdev2026.wpenginepowered.com/wp-content/uploads/2025/10/Grand-Pearls-Wedding-Cake-scaled.jpg,Grand-Pearls-Wedding-Cake-scaled.jpg
1765,"Greatest Gatsby Birthday Cake","Greatest Gatsby Birthday Cake",,simple,0,https://ccdev2026.wpenginepowered.com/wp-content/uploads/2025/10/Greatest-Gatsby-Birthday-Cake-scaled.jpg,Greatest-Gatsby-Birthday-Cake-scaled.jpg
1766,"Green & White Drapes Birthday Cake","Green & White Drapes Birthday Cake",,simple,0,https://ccdev2026.wpenginepowered.com/wp-content/uploads/2025/10/Green-White-Drapes-Birthday-Cake-scaled.jpg,Green-White-Drapes-Birthday-Cake-scaled.jpg
1767,"Hawaiian Dream Birthday Cake","Hawaiian Dream Birthday Cake",,simple,0,https://ccdev2026.wpenginepowered.com/wp-content/uploads/2025/10/Hawaiian-Dream-Birthday-Cake-scaled.jpg,Hawaiian-Dream-Birthday-Cake-scaled.jpg
1768,"Holy Cannoli One Birthday Cake","Holy Cannoli One Birthday Cake",,simple,0,https://ccdev2026.wpenginepowered.com/wp-content/uploads/2025/10/Holy-Cannoli-One-Birthday-Cake-scaled.jpg,Holy-Cannoli-One-Birthday-Cake-scaled.jpg
1769,"Interests Birthday Cake","Interests Birthday Cake",,simple,0,https://ccdev2026.wpenginepowered.com/wp-content/uploads/2025/10/Interests-Birthday-Cake.jpg,Interests-Birthday-Cake.jpg
1770,"Intricate Swirls & Pearls Wedding Cake","Intricate Swirls & Pearls Wedding Cake",,simple,0,https://ccdev2026.wpenginepowered.com/wp-content/uploads/2025/10/Intricate-Swirls-Pearls-Wedding-Cake-scaled.jpg,Intricate-Swirls-Pearls-Wedding-Cake-scaled.jpg
1771,"Ivory Shells Wedding Cake","Ivory Shells Wedding Cake",,simple,0,https://ccdev2026.wpenginepowered.com/wp-content/uploads/2025/10/Ivory-Shells-Wedding-Cake-scaled.jpg,Ivory-Shells-Wedding-Cake-scaled.jpg
1772,"Ivory Simplicity Wedding Cake","Ivory Simplicity Wedding Cake",,simple,0,https://ccdev2026.wpenginepowered.com/wp-content/uploads/2025/10/Ivory-Simplicity-scaled.jpg,Ivory-Simplicity-scaled.jpg
1773,"Kiss of Florals Pin Dots Wedding Cake","Kiss of Florals Pin Dots Wedding Cake",,simple,0,https://ccdev2026.wpenginepowered.com/wp-content/uploads/2025/10/Kiss-of-Florals-Pin-Dots-Wedding-Cake-scaled.jpg,Kiss-of-Florals-Pin-Dots-Wedding-Cake-scaled.jpg
1774,"Peacock Florals Wedding Cake","Peacock Florals Wedding Cake",,simple,0,https://ccdev2026.wpenginepowered.com/wp-content/uploads/2025/10/Peacock-Florals-Wedding-Cake-scaled.jpg,Peacock-Florals-Wedding-Cake-scaled.jpg
1775,"Pearly Religious Cake","Pearly Religious Cake",,simple,0,https://ccdev2026.wpenginepowered.com/wp-content/uploads/2025/10/Pearly-Religious-Cake-scaled.jpg,Pearly-Religious-Cake-scaled.jpg
1776,"Pink Blooms Wedding Cake","Pink Blooms Wedding Cake",,simple,0,https://ccdev2026.wpenginepowered.com/wp-content/uploads/2025/10/Pink-Blooms-Wedding-Cake-scaled.jpg,Pink-Blooms-Wedding-Cake-scaled.jpg
1777,"Pretty in Pink Vintage Heart Birthday Cake","Pretty in Pink Vintage Heart Birthday Cake",,simple,0,https://ccdev2026.wpenginepowered.com/wp-content/uploads/2025/10/Pretty-in-Pink-Vintage-Heart-Birthday-Cake.jpg,Pretty-in-Pink-Vintage-Heart-Birthday-Cake.jpg
1778,"Purple Sweet 16 Princess Birthday Cake","Purple Sweet 16/Quinceanera Princess Birthday Cake",,simple,0,https://ccdev2026.wpenginepowered.com/wp-content/uploads/2025/10/Purple-16-Princess-Birthday-Cake-scaled.jpg,Purple-16-Princess-Birthday-Cake-scaled.jpg
1779,"Quilted Emerald Wedding Cake","Quilted Emerald Wedding Cake",,simple,0,https://ccdev2026.wpenginepowered.com/wp-content/uploads/2025/10/Quilted-Emerald-Wedding-Cake-scaled.jpg,Quilted-Emerald-Wedding-Cake-scaled.jpg
1780,"Rosette Pearl Drapes Wedding Cake","Rosette Pearl Drapes Wedding Cake",,simple,0,https://ccdev2026.wpenginepowered.com/wp-content/uploads/2025/10/Rosette-Pearl-Drapes-Wedding-Cake-scaled.jpg,Rosette-Pearl-Drapes-Wedding-Cake-scaled.jpg
1781,"Simple Festive Birthday Cake","Simple Festive Religious Birthday Cake",,simple,0,https://ccdev2026.wpenginepowered.com/wp-content/uploads/2025/10/Simple-Festive-Birthday-Cake.jpg,Simple-Festive-Birthday-Cake.jpg
1782,"Victorian Queen Wedding Cake","Victorian Queen Wedding Cake",,simple,0,https://ccdev2026.wpenginepowered.com/wp-content/uploads/2025/10/Victorian-Queen-Wedding-Cake-scaled.jpg|https://ccdev2026.wpenginepowered.com/wp-content/uploads/2025/10/Victorian-Queen-Wedding-Cake-scaled-1.png,Victorian-Queen-Wedding-Cake-scaled.jpg|Victorian-Queen-Wedding-Cake-scaled-1.png
1783,"Vintage Touch Religious Cake","Vintage Touch Religious Cake",,simple,0,https://ccdev2026.wpenginepowered.com/wp-content/uploads/2025/10/Vintage-Touch-Religious-Cake-scaled.jpg,Vintage-Touch-Religious-Cake-scaled.jpg
